words,example
A Priori,"A priori, il y a 6 solutions, A posteriori, il y en a 6."
A Priori|Exhaustif,"A priori, je donne un critère non exhaustif, puis j'élague."
A posteriori,"A posteriori, cette hypothèse était donc vraie."
A posteriori,"Votre raisonnement est parfaitement correct, la fonction ln est non bornée en 0, il s'agit donc d'une intégrale généralisée et la réponse est a priori non triviale (mais a posteriori triviale, j'espère que vous n'avez pas oublié le discours !). Le critère de Riemann assure la convergence."
Ab imo pectore,"Je vous remercie ab imo pectore pour cette prestation fort convaincante !"
Ab imo pectore,"Juste un petit message pour vous notifier une pointe de déréliction ab  imo pectore ressentie face à la moyenne de cette classe…"
Ab irato,"On vitupère ab irato ?"
Abscons,"C'est très abscons ce que vous dites là…"
Abscons,"C'est un délire non moins abscons !"
Abstrusion,"C'est d'une abstrusion indicible !"
Acrimonie,"Car dans son élan acrimonieux, Diddlina, ainsi que Diddle auraient dû remarquer que la courbe que faisait le collier était une chaînette… un cosinus hyperbolique !!!"
Acrimonie|Fielleux,"Une petite acrimonie fielleuse ?"
Ad Patres,"Toto a un tonton d'Amérique richissime qui vient d'aller ad patres, laissant un héritage colossal. (cf. histoires)"
Ad Patres,"Toto ayant résolu la petite énigme édictée dans le testament du Tonton d'Armorique parti ad patres vient d'accéder à la ploutocratie : il est devenu richissime. Aujourd'hui, nous avons affaire à un grand expert de numismatique et brasse les valeurs fiduciaires à tour de bras. (cf. histoires)"
Ad augusta per angusta|Catabatique,"Pour le cas général, il faudra peut-être procéder ad augusta per angusta et adopter un modus opérandi suivant un vent catabatique…"
Ad hoc,"Je reconnais ne plus être original mais ce sont les mots ad hoc qui me viennent hic et nunc à l'esprit !"
Ad hoc,"Je vais choisir un N(0) ad hoc."
Ad libitum,"Et puis on continue de développer ad libitum."
Ad libitum,"On ne va pas tergiverser là-dessus ad libitum."
Ad litteram,"Cette formule s'applique bestialement, Ad litteram…."
Ad litteram,"Les exemples paradigmatiques, au moins, peuvent être pris ad litteram !"
Aduler|Génuflexion|Apostolique,"Vous avez aimé le 4ème degré ? Vous allez aduler dans une génuflexion apostolique le 5ème…"
Affidé,"Signé: Votre affidé stipendié. (cf. Correspondance)"
Affidé|Plénipotentiaire,"Chers affidés réunis en condominium plénipotentiaire, bonjour ! (cf. Correspondance)"
Affiquet,"Diddle s'est pris une bonne raclée verbale par Diddlina affublée de ses colifichets et autres affiquets en sustentation autour de son cou. (cf. Histoires)"
Aficionados,"Pour les aficionados des fonctions hyperboliques, vous pouvez démontrer le reste du formulaire trigonométrique…"
Alacrité,"Vous n'imaginez pas l'alacrité dans laquelle ça me plonge…"
Alambiqué,"M. Millon, ne nous servez pas vos ratiocinations ampoulées et alambiquées!"
Alambiqué,"M. Tschirhard! je vous croyais rhétoricien alambiqué et ampoulé, et il me semble pourtant que je viens d'ouïr une coprolalie venant de votre coté…"
Alea jacta est,"Alea jacta est ! [Après distribution des sujets…]"
Alinéa,"J'anticipe sur le deuxième alinéa."
Allégorie,"Quant à la chainette, que nous avions illustrée de manière allégorique la semaine dernière, nous y reviendrons plus loin dans le cours."
Almée,"Il pose alors la devinette suivante aux schtroumpfettes schtroumpfeuses qui n'avaient cessé de schtroumpfer (traduction de l'auteur : aux almées lascives qui n'avaient cessé de se trémousser) (cf. Histoires)"
Amphibologique,"Paralogique assertorique à tendance amphibologique"
Amphigourique,"Non dit par le prof, mais ajouté pour comprendre : Un amphigouri composé sur un air d’opéra."
Amphigourique,"…Byzantinisme amphigourique."
Amphitryon,"Pour parler sans ambiguïté, ce dîner à Sainte-Adresse, près du Havre, malgré les effluves embaumés de la mer, malgré les vins de très bons crus, les cuisseaux de veau et les cuissots de chevreuil prodigués par l'amphitryon, fut un vrai guêpier."
Anacoluthe,"bic fait, bien fait : c'est un anacoluthe !"
Anacréontique,"Titeuf qui n'a pas la plume particulièrement littéraire, et donc peu enclin à rédiger des épigrammes élégiaques ou anacréontiques, voire ossianiques…"
Anagogique,"Je vous sens plongés dans une pâmoison anagogique…"
Analepse,"Sans analepse superflue, je reprends le cours !"
Anamnèse,"Cet énoncé pourrait vous rappeler dans une anamnèse collective, le théorème d'Hospital (Guillou de son prénom)"
Anamnèse,"Vite ! Une petite anamnèse cathartique : les mondes concomitants, ce que j'écris, ce que je pense…"
Anathème,"Au risque de jeter quelque anathème imprécatoire…"
Anatidé,"Heureusement, il nous laisse ses potes les anatidés : Donald et Picsou. (cf. histoires)"
Andropause,"Lorenzaccio – caïd local – est continuellement en proie à des bouffées de chaleur, prémisses d'une andropause prodromique… (cf. Histoires)"
Animadversion,"Encore des animadversions intempestives ?"
Animadversion,"Pourquoi une telle animadversion envers Clarabelle ?"
Anthropomorphisme,"Après cette crise d'anthropomorphisme intempestive…"
Antinomique,"Bien qu'un sycophante bestial ne soit pas antinomique"
Antinomique,"Je regardais vers l'infini"
Antépénultième,"M Colliva, c'est une question sur l'antépénultième exercice que vous venez de poser…vous êtes vraiment en retard !"
Apagogie,"On tombe sur une apagogie irréfragable."
Apocatastase,"C'est à la limite de l'apocatastase."
Apocatastase,"Dans tous les cas, vous connaissez mon éternelle recherche de l'apocatastase ataraxique !"
Apocryphe,"Disons que ceci est une démonstration un peu apocryphe."
Apocryphe,"Je ferais une démonstration un peu plus apocryphe, si je puis me permettre."
Apodictique,"Et ça, ce n'était pas une pure trivialité apodictique"
Apodictique,"Un cercle est une courbe fermée dont tous les points sont équidistants du centre."
Apologétique,"Aurions-nous affaire à une apologie inendiguable ?"
Apologétique,"Mr Tschirardt, notre chantre apologétique toujours enclin à la capucinade rhétorique !"
Apopathodiaphulatophobe,"Une diatribe dithyrambique proche de la cacostomie, déconseillée aux Apopathodiaphulatophobes !"
Apophatique,"Diantre, devant une telle assemblée apophatique cela me méduse un brin."
Apophatique,"Un silence apophatique règne dans l'assistance…cela me méduse."
Apophtegme,"Avec cet apophtegme subliminaire, ca devrait être clair !"
Apophtegme,"…donc ne pas dire un apophtegme captieux dans ce cas là…"
Aporie|Rédhibitoire,"On tombe à présent sur une apagogie (resp. aporie) rédhibitoire."
Apostolique,"Mr Tschirardt, une petite révélation apostolique ?"
Aréopage|Zoïle,"Ventre-saint-gris ! Encore une comparution devant l'aréopage de zoïles coercitifs à tendance acrimonieuse ?"
Assentiment,"Merci de votre assentiment, M. Millon, et de votre satisfecit !"
Assertorique,"Ici encore, méfions-nous des paralogismes assertoriques (avec deux s)."
Assuétude,"Un fumeur en état d'assuétude exacerbée cherche à allumer une cigarette."
Assuétude,"Un petit exo pour ribaud du samedi soir en état d'assuétude…"
Ataraxique,"Je vous laisse à votre béatitude ataraxique"
Atavisme,"Toto ayant résolu la petite énigme édictée dans le testament du Tonton d'Armorique parti ad patres vient d'accéder à la ploutocratie : il est devenu richissime. Aujourd'hui, nous avons affaire à un grand expert de numismatique et brasse les valeurs fiduciaires à tour de bras. À son tour de jouer le tonton ""pawnbroker"" (dur l'atavisme !). (cf. histoires)"
Atrabilaire,"M. Duret, qu'est-ce qui suscite une telle réaction atrabilaire ?"
Atrabilaire,"M. Millon, notre atrabilaire de service à la verve exacerbée !"
Attentatoire|Ostentatoire,"Ne serait-ce pas là une attaque ostentatoire voire attentatoire d'un agent de la fonction publique dans l'exercice de ses fonctions ?"
Auguste,"Mlle Lamrani, aura-t-on l'honneur d'entendre votre auguste voix?"
Autodafé,"Encore un exercice et vous pourrez brûler cette feuille, ce qui constituerait un superbe autodafé."
Autodafé,"Si si, c'est bien ça, mais vous auriez pu (re)jeter un oeil sur vos  notes de cours de mathématiques du premier semestre, à moins qu'elles  n'aient subi quelque gigantesque autodafé…"
Automédon,"Mais l'histoire ne s'arrête pas là : notre Toto automédon a d'autres potes automédons et ils rappliquent tous avec une infinité de cars contenant une infinité de Totos ! (cf. histoires)"
Automédon|i.e.,"Notre Toto automédon (i.e. le chauffeur de car) dit : ""nous pouvons loger tout le monde !"" (cf. histoires)."
Bacchanales,"Ce retour de bacchanales vous plonge dans une liesse absolument inénarrable."
Bacchanales,"Un petit roboratif pour dimanche matin pour purger la lie engrangée au cours de quelque bacchanale dionysiaque !"
Bachique,"Je ne reste pas à Lyon, ce qui m'évite de fréquenter une pétaudière de sybarites dévoyés… Bonnes libations bachiques ! Évitez nonobstant les échansons égrillards…"
Bachique|Ménade,"Un petit exo pour dimanche matin pour purger la lie engrangée après avoir croisé quelque ménade bachique !"
Baroque,"Je ne suis pas sensible à l'art baroque"
Baroque,"Puisque, quoi que l'on puisse dire, je ne suis pas complètement insensible à l'art baroque…"
Bichette,"Ça te plait, bichette?"
Billevesée,"Merci pour votre participation à cette mégapantalonnade ubuesque! Billevesées, rodomontades, fadaises, coquecigrues, et tutti quanti…"
Bis repetita placent,"Bis repetita placent. Fallait bien que je sorte une phrase latine quand même."
Bis repetita placent,"Vous la connaissez pourtant cette formule…mais bon, bis repetita placent !"
Bonus track,"Allez, en bonus track, une histoire bidonnante de Toto !"
Bonus track,"Et en bonus track, la démonstration…"
Borborygme,"Qui aurait oser éructer des borborygmes méphitiques et empyreumatiques ? [À quelqu'un qui émettrait un son plus ou moins audible ou qui aurait quelques gargouillis…]"
Borborygme,"Vous éructez des borborygmes méphitiques…"
Bouge|Dipsomane|Impénitent,"<strong>Le prof :</strong> Le samedi soir, au lieu d'aller dans des bouges pour dipsomanes impénitents…<br /> <strong>L'amphi :</strong> Monsieur, c'est le gala !<br /> <strong>Le prof [un grand sourire] :</strong> Justement ! Faites plutôt cet exercice !<br />"
Boutade|Ataraxique,"J'ose espérer qu'il ne s'agit là que d'une simple boutade ataraxique…"
Boutade|Pantalonnade|Verba volant scripta manent,"Je pense que cette remarque interlope avait effectivement échappé de ma bouche devant une assistance en liesse, toujours en proie à quelque boutade amphibologique. Mais, ce n'est pas à vous que je vais l'apprendre, ""verba volant, scripta manent""… Etant donné le contexte socio-politique de cette méga-pantalonnade, il me semble fort raisonnable de s'en tenir aux écrits actuels…"
Byzantin,"C'est votre côté byzantin qui ressort"
Béjaune,"Elle lui hurle qu'il est :<br /> réponse a : un bélitre !<br /> réponse b : un béjaune !<br /> réponse c : un philistin !<br /> réponse d : un béotien !<br />"
Bélître,"Elle lui hurle qu'il est :<br /> <br /> réponse a : un bélître !<br /> réponse b : un béjaune !<br /> réponse c : un philistin !<br /> réponse d : un béotien !<br />"
Bélître,"Monsieur, vous n'êtes qu'un bélître.<br /> Réponse spirituelle : Comment ça, une belle huitre ?"
Cabale,"Ahah ! On manipule des petits symboles cabalistiques sans savoir ce que c'est ?"
Cabale,"Quelle cabale ésotérique !"
Cacochyme,"Cessez ces guerres cacochymes !"
Cacochyme|Pédotribe,"Diantre ! Cacochyme le pédotribe !!! Les années ne rendent pas la plume immarcescible…"
Cacographie,"Pardonnez cet instant de cacographie passagère."
Cacographie,"Quelle cacographie incoercible et exacerbée !"
Cacostomie,"Mais Vomito, qui est toujours en proie à quelques problèmes de cacostomie… (cf. Histoires)"
Cador,"Car, tant au niveau tè-ke-nik qu'au niveau ta-ke-tik, notre Toto godelureau n'est pas un cador de la littérature : l'art ossianique, les versets élégiaques, les sonnets rimbaldiens, ce n'est pas pour lui. (cf. Histoires)"
Camouflet,"M.Millon, un petit camouflet tendance pamphlétaire ?"
Capilotade,"L'exercice est mis en capilotade !"
Capilotade,"Si l'hypothèse n'est pas bonne le théorème peut être mis en capilotade."
Capricant,"Quelle gestuelle capricante…"
Captieux,"D'où la petite imprécision captieuse, à ce niveau-là."
Captieux|Assertorique,"Bien que ce ne soit qu'un paralogique assertorique à tendance captieuse."
Capucinade,"M Tschirhard, notre chantre apologique toujours enclin à la capucinade rhétorique !"
Cassandre,"Tous ces protagonistes ubuesques ne seraient-ils pas les cassandres d'une descente insidieuse vers la géhenne apocalyptique ? (Cf. Histoires)"
Cataphatique,"Bonne remarque ! J'ai cru que ça allait plonger la salle dans un silence cataphatique…"
Cataphatique,"C'est un silence cataphatique  !"
Caudataire,"Diantre! Vous êtes un caudataire d'une outrecuidance paroxystique!"
Caudataire|Affété,"Notre caudataire toujours enclin à quelque capucinade affétée !"
Cauteleux,"Mickey, notre sigisbée patelin, papelard, voire cauteleux, donc, invite une copine à la campagne. (Cf. Histoires)"
Chantre,"M. Tschirhard, notre chantre apologique toujours enclin à la capucinade alambiquée !"
Chantre,"M. Tschirhard, notre chantre apologique toujours enclin à la capucinade rhétorique !"
Chiche,"Allez chiche !"
Chiche,"Ne soyons pas chiche…"
Chouïa,"Chouïa, ça s'écrit comment, avec deux &quot;l&quot; ?"
Chouïa,"Mais la limite en l'infini, ce n'est pas 1 ! C'est 1 + un petit Chouïa"
Cicérone,"Votre humble cicérone (cf. Correspondance)"
Circonlocution,"L'homme qui intégrait plus vite que son ombre, et ce n'est pas une circonlocution !"
Circonvolution,"Après moult circonvolutions et paraphrases"
Clabauderie,"Quand cesserez-vous ces clabauderies ?"
Cloaque|Dyonisiaque,"Le samedi soir, au lieu d'aller dans les pandémoniums de ploutocrates concupiscents, où plutôt devrais je dire ces cloaques sybarites dyonisiaques, vous feriez mieux de redémontrer la formule d'interpolation de Lagrange, ou les équations de types chaleurs associés aux processus Markoviens."
Colifichet,"Posez donc tous ces colifichets et venez au tableau faire des mathématiques, des vraies !"
Comminatoire,"A ces mots, Mickey prit un ton comminatoire et lui adresse quelques privautés (cf les Histoires)"
Comminatoire,"Ne le parlez pas sur ce ton comminatoire ! Diantre, vous avez tort, un point c'est tout…"
Comparution,"M Tschirhard… Comparution immédiate au tableau."
Componction,"Je reconnais les faits qui me sont reprochés dans une indicible  componction…je vous rajoute donc le point injustement spolié !"
Componction,"Pour ceux qui recherchent l'apocatastase après componction, vous voilà servis !"
Compulsif,"Alors Toto est un peu versatile, et dans un élan bestialement compulsif, il simplifie ce méga-polynôme comme ça, pfuitt !"
Concaténation,"C'est une figure de style consistant dans l'enchaînement d'anadiploses sucessives."
Concaténation,"Lorsque vous additionnez, vous faites une simple concaténation en base 10."
Concomitant,"Merci, mais nous nous connaissons depuis assez longtemps pour que vous sachiez qu'il y a trois choses différentes : ce que je dis, ce que je pense, et ce que j'écris. Et cela fait trois mondes concomitants. Sans parler de ce que je ne dis pas, de ce que je n'écris pas, et de ce que je ne pense pas…"
Concomitant|Cathartique,"Vite ! Une petite  anamnèse cathartique : les mondes concomitants, ce que j'écris, ce que  je pense…"
Concupiscent,"Le samedi soir, au lieu d'aller dans les Pandémoniums de ploutocrates concupiscents, faites donc cet exemple non trivial."
Concussion,"…mais ayant toujours cette propension compulsive et incoercible à quelque malversation, prévarication et autre concussion, la prudence est de mise."
Condominium,"Chers affidés réunis en condominium plénipotentiaire, bonjour !(cf. Correspondance)"
Condominium|Oligarchique,"Diantre ! Aurais-je affaire à un cénacle exerçant son condominium oligarchique ?"
Coprolalie,"M Tschirhardt! je vous croyais rhétoricien alambiqué et ampoulé, et il me semble pourtant que je viens d'ouïr une coprolalie venant de votre coté…"
Coquecigrue,"Quelles fadaises de coquecigrue!"
Corroboratif,"Allez, un petit roboratif : la démonstration !"
Corroboratif,"Si je prends un exemple corroboratif et psychotrope."
Corroborer,"Ceci n'a pas l'effet corroboratif attendu"
Corroborer,"Ces exemples corroborent le résultat…"
Coruscant|Iconoclaste|Adamantin,"Il affiche une dentition adamantine et coruscante iconoclaste."
Coryphée,"Votre automédon, coryphée et autre psychopompe (cf. Correspondance)"
Coryphée,"Votre humble coryphée (qui n'a pas la prétention de se prendre pour un automédon psychopompe) (cf. Correspondance)"
Cynégétique,"Elmer spécialiste de cygénétique (Elmer le chasseur) à une vieille dette envers Bugs Bunny qu'il n'arrive jamais à attraper… (cf Histoires)"
Cénacle,"diantre ! Aurais-je affaire à un cénacle exerçant son condominium oligarchique ?"
Cénacle|Résipiscence,"Un petit exo cathartique pour amener à résipiscence ceux qui auraient fréquenté un cénacle de soudards dévoyés…"
Cénotaphe,"Je pense qu'un jour, on vous érigera un cénotaphe…"
Deus ex machina,"Deus ex machina !"
Diantre,"<strong>Elève :</strong> Et là je dérive…<br /><strong>Prof</strong> : Diantre ! Pas encore !"
Diantre|Ostracisme,"Diantre ! Une pointe d'ostracisme envers un agent de la fonction publique hors de l'exercice de ses fonctions ? Cela risque de ne pas vous coûter grand-chose, si ce n'est quelque anathème imprécatoire ab imo pectore !"
Dilatoire,"Après moult conversations dilatoires"
Dilatoire|Atermoiement,"Après ces quelques atermoiements dilatoires"
Dipsomane,"Les responsables de l'OT Probas-Stats envoient leurs plus sincères satisfecits à l'affidé Poulain pour sa prestation lors de la petite formalité terminale : un ""zéro-faute"" sur toute la copie (seule la toute dernière question n'a pas été traitée) ! Si un jour la modélisation aléatoire (via la marche aléatoire du dipsomane impénitent ou le mouvement brownien voire lachalien) le tente…"
Disert,"Notre panégyriste apologétique au ramage disert !"
Dithyrambique,"Une diatribe dithyrambique proche de la cacostomie, déconseillée aux apopathodiaphulatophobes !"
Doxologie|Irréfragable,"C'est une doxologie irréfragable tendance captieuse."
Doxologie|Irréfragable,"Ça sent encore la doxologie irréfragable"
Déblatérer,"Arrêtez de déblatérer, vil individu méphistophélique."
Déblatérer,"On a pris du retard à force de déblatérer toutes formes de rodomontades…"
Défalcation,"Après défalcation, le nouveau taux pour Toto sera alors de 2%, ce qui nous donne bien le résultat cherché."
Défalcation,"Non dit par le prof, mais ajouté pour comprendre :<br />Après défalcation des frais, il devrait rester mille francs."
Déliquescence,"C'est la déliquescence à l'état pur!"
Déréliction,"Ca me plonge dans une déreliction endémique…"
Déshérence,"Ce théorème est en déshérence !"
Déshérence,"Mais Tonton (pas Toto) avait tout prévu car il avait pris soin de rédiger dans son testament un codicille suspensif stipulant in extenso que tout héritier surnuméraire, disons Toto 2nd, qui oserait prétendre à quelque part que ce soit devrait résoudre une énigme posée par Toto (disons Toto 1er) s'il veut acquérir sa part et éviter la déshérence. (cf les Histoires)"
Détracteur,"À l'aréopage de détracteurs coercitifs insatiables exerçant son condominium oligarchique (cf. Correspondance)"
E.g.,"Il faut M>10, e.g 11."
Eburnéen,"Il a une copine qui s'appelle Nadia, jeune odalisque au sourire lilial et séraphique et à la dentition adamantine, coruscante, voire éburnéenne, dont il est secrètement épris. (cf. Histoires)"
Empyreumatique,"Fermons la fenêtre pour évacuer les odeurs empyreumatiques qui pourraient se dégager d'ici 5 minutes."
Empyreumatique,"Vite, ouvrons la fenêtre afin d'évacuer ces exhalaisons méphitiques et empyreumatiques !"
En tapinois,"Vous me fustigez en tapinois!"
Endiguer,"M Barret ! Quelle prolixité aujourd'hui… Peut être qu'un jour vous réussirez à l'endiguer …"
Endémique,"Ça me plonge dans une déréliction endémique…"
Engramme,"Nonobstant, je vais m'arroger incontinent quelques vacances, j'ai quelques théorèmes sur le feu qu'il faut que je rédige maintenant pour laisser des engrammes à la postérité…"
Epsilon,"Epsilon fois Epsilon, ça fait un Mega Epsilon !"
Erythrophobie,"Il lui propose de partir d'Ici et d'aller à Donf distante d'Ici de 3000 km et ce, en 3 heures ! A ces propos, Nadia est prise d'une crise d'érythrophobie, Titeuf se ravise et propose plutôt 300 km en 3 heures, soyons raisonnable : vitesse moyenne 100 km/h. (cf. Histoires)"
Escarcelle,"L'exercice 8, vous le mettez dans votre escarcelle pour plus tard…"
Escarcelle,"Ne cachez point vos escarcelles !"
Esotérique,"Ne vous inquiétez pas; ceci n'est qu'une cabale ésotérique."
Ex Abrupto,"J'en sais rien comme ça, ex abrupto…z'auriez pas un petit papier par hasard ?"
Ex Abrupto,"M Tschirhard, allez donc me faire ce DL ex abrupto dans un coin de votre feuille…"
Ex Cathedra,"Il s'agit d'une définition ex cathedra !"
Ex Nihilo,"Comme ça, ex nihilo"
Ex Nihilo,"Je voulais vous faire manipuler les formes développées ex nihilo"
Ex Voto,"Eh bien dites donc…je vous conseille sincèrement d'aller poser un ex-voto, vu votre chance aujourd'hui…"
Exhaustif,"Un exemple qui n'est ni significatif ni exhaustif…."
Exsuder,"Soudain jaillit une idée de sa plume qui commence à exsuder ! (cf. Histoires)"
Factotum|Remugle,"Votre humble factotum qui ne souhaite pas sentir le remugle… (cf. Correspondance)"
Fallacieux,"C'est un peu fallacieux, voire même fastidieux…"
Fastidieux,"C'est un peu fallacieux, voire fastidieux."
Fluctuat nec mergitur,"Fluctuat nec mergitur ! [le jour de l'interro…]"
Forfaiture,"Toto 1er qui entend bien s'arroger subrepticement une part léonine, et pour qui une forfaiture ou félonie n'est jamais de trop, fit mine d'accepter, magnanime, la règle du jeu et pose à Toto 2nd le problème suivant : […] (cf. Histoires)"
Fuligineux,"Vous avez un raisonnement fuligineux"
Fustiger|Catimini,"Mlle Guisuma, vous fustigez en catimini ?"
Galantin,"Mais ce n'est pas vraiment le genre de notre pauvre galantin. (cf. Histoires)"
Galimatias,"C'est un galimatias amphigourique…"
Galvaniser,"Je vous sens complètement galvanisés !"
Gibecière,"On le sort de notre gibecière."
Giga X,"Mais non pas grand X ! Il y en a déjà un ! mettez un Giga X !"
Glose,"Mr Moulin, quelques gloses supplétives?"
Glose,"Si je puis me permettre une petite glose personnelle…"
Glossolalie,"Pourrais-je me permettre une nouvelle exégèse des petits récits étiologiques contenant certains vocables qui auraient échappé à vos oreilles (petit problème de dysacousie ? à moins qu'une crise de glossolalie pernicieuse n'ait endiguée certains de mes propos ""à l'insu de mon plein gré""…) ?"
Glossolalie|Palilalie,"Une petite crise de palilalie, de glossolalie, de psittacisme ? [À quelqu'un qui bafouille]"
Gouaillerie,"Ce n'est point là qu'une vulgaire gouaillerie."
Gouaillerie,"Vous êtes d'une gouaillerie exacerbée aujourd'hui !"
Gourdiflot,"Gourdiflot erratique !"
Géhenne,"Bon, maintenant pour être un peu plus prosaïque, il va falloir se remettre au travail qui devient poussif !!! Mais je suis sûr qu'en deux mois, le pinacle sera à portée de main…En espérant que la géhenne apocalyptique de la fin de l'année n'aura pas été trop douloureuse, je vous souhaite à tous de bonnes vacances (pas trop sybaritiques, isnt'it?)"
Géhenne,"Ne vous laisser pas aller à une déréliction endémique qui pourrait vous conduire dans les abysses d'une géhenne apocalyptique…"
Génuflexion,"Vous allez aduler dans une génuflexion ataraxique la démonstration de ce théorème…"
Hexakosioihexekontahexaphobe,"Au risque de croiser quelque ribaud hédoniste et dévoyé, un petit exo pour samedi soir… attention, il n'est pas recommandé aux hexakosioihexekontahexaphobes !"
Hic et nunc,"Venez Hic Et Nunc !"
Hippobosque,"Mickey notre sigisbée patelin international voire œcuménique, ayant bien joué avec les stomoxes, mélophages et autres hippobosques, considère qu'après une telle gloire il préfère se retirer sous les vivats et satisfecits d'une foule en liesse. (cf. Histoires)"
Histrion,"Fais rire le parterre, histrion qui ânonne, avalant la voyelle et toussant la consonne !"
Hiérodule,"Cher hiérodule informaticien (cf. Correspondance)"
Hédoniste,"Au risque de croiser quelque ribaud hédoniste et dévoyé, un petit exo pour samedi soir…"
Idiosyncrasie|Primesautier,"C'est une belle idiosyncrasie primesautière…"
Idoine,"C'est un moment idoine."
Idoine,"Par quelle expression idoine faut-il multiplier?"
Immarcescible,"J'aspire à un oecuménisme immarcescible, ou prépare seulement une célébrité (disons une gloriole) qui sera un jour peut-être posthume (diantre, quelle fatuité exacerbée !)…"
Immarcescible,"Votre pétulance n'est pas immarcescible, alors…carpe diem ! (notez le paralogisme) (cf. Histoires)"
Imparidigité|Mésaxonien,"Un petit exo pour périssodactyles, mésaxoniens et autres imparidigités…"
Imprécatoire,"diantre ! Une pointe d'ostracisme envers un agent de la fonction publique hors de l'exercice de ses fonctions ? Cela risque de ne pas vous coûter grand-chose, si ce n'est quelque anathème imprécatoire ab imo pectore !"
Imprécatoire|Admonestation,"Encore des admonestations imprécatoires ?"
In Fine,"In fine, Toto bis se rappelle qu'il s'appelle comme cela parce que bis rime avec finesse…"
In Fine,"Vous me le sortez de derrière les fagots, comme ça, in fine…"
In extenso,"On va peut être le réécrire in extenso"
Inanité,"Inacrité ? Non, ce n'est pas ce mot… ça devait être alacrité. J'aurais pu dire inanité, mais c'aurait été méchant…"
Incartade,"Au lieu de se livrer à quelque turpitude et autre incartade, voici un petit exo…"
Incartade,"Non dit par le prof, mais ajouté pour comprendre (et sourire):  - Accusé! Vous avez découpé 7 personnes à coups de hache, qu'avez vous à dire aux familles des victimes? - Bon bin…je suis désolé pour cette incartade. Voilà."
Incoercible,"Quelle frénésie incoercible!"
Incoercible|Alacrité,"Mlle Doteau, je vous sens en proie à une alacrité inénarrable et incoercible."
Ineffable,"Je sais que vous êtes plongés dans une euphorie ineffable et incoercible…"
Ineffable,"Merci pour cette petite gouaillerie inéffable."
Inextinguible,"Mr Duret, vous qui semblez enclin à une prolixité inextinguible"
Inextinguible,"Serait ce des mathématiques durétiques ?"
Infatuation,"Quelle infatuation exacerbée! C'est à la hauteur de la situation."
Infatuation,"Voudriez-vous faire preuve d'infatuation ? Restons sobres entre nous !"
Interlope,"-M.Lachal : &quot;Cette démonstration est seulement assertorique a tendance…&quot; -Classe : &quot;Captieuse !&quot; -M.Lachal : &quot;…interlope !&quot;"
Interlope|Amphibologique,"Je pense que cette remarque interlope avait effectivement échappé de ma bouche devant une assistance en liesse, toujours en proie à quelque boutade amphibologique. Mais, ce n'est pas à vous que je vais l'apprendre, ""verba volant, scripta manent""… Étant donné le contexte socio-politique de cette méga-pantalonnade, il me semble fort raisonnable de s'en tenir aux écrits actuels…"
Inénarrable,"Mlle Doteau, je vous sens en proie à une alacrité inénarrable et incoercible"
Inénarrable,"Voilà qui est déconcertant, déconcertifiant de simplicité, d'une trivialité inénarrable…"
Irrévérencieux,"C'est une boutade, irréverentieuse de surcroît !"
Irrévérencieux,"Qui à éructé ce borborygme irrévérencieux ?"
Laconique,"Votre prolixité tendance inextinguible serait-elle subitement devenue laconique ?"
Lascive,"…aux almées lascives qui n'avaient cessé de se trémousser"
Laudateur|Cabotin|Pourfendeur|Rhéteur,"Notre rhéteur, réthoricien, laudateur, zélateur, persifleur, pourfendeur, cabotin à la rhétorique, au ramage alambiqué et ampoulé…"
Laïus,"Encore une diatribe pamphlétaire ?"
Lie |Polydipsie,"Quelques minutes de pause pour évacuer la lie engrangée lors d'une crise de polydipsie."
Lilial,"La copine de Titeuf, jeune odalisque au sourire lilial et séraphique et à la dentition adamantine, coruscante, voire éburnéenne…(cf. Histoires)"
Liminaire,"Quel liminaire…percutant !"
Litote,"C'est une litote ?"
Litote,"Elle a une tête de litote"
Logomachie,"Bon, alors après cette logomachie incoercible…"
Logorrhée,"J'ai été particulièrement touché de découvrir l'autel qui a été édifié en l'honneur de ma rhétorique idiolecte. Je suis content de voir que cette logorrhée parfois incoercible et inénarrable est appréciée à sa juste valeur et que je n'ai pas affaire à d'ingrats philistins."
Logorrhée,"Pardonnez ma logorrhée compulsive et incoercible… une véritable logomachie !"
Loquacité,"Diantre quelle loquacité incoercible!"
Loquacité,"Une petite crise de glossolalie vous pousse à la loquacité ?"
Léonin,"Ah, mais notre M. Millon entend bien s'arroger subrepticement une part léonine, et pour lui, une forfaiture ou félonie n'est jamais de trop !"
Mafflu,"Dans des journées comme cela, on regrette presque de ne pas être un bovidé mafflu."
Magnificence,"L'enchainement sémantique de cette démonstration atteint une magnificence paroxystique…"
Malversation,"Mais M Tschirhard ayant toujours cette propension compulsive et incoercible à quelque malversation, prévarication et autre concussion, la prudence est de mise !"
Manducation,"C'est l'heure d'aller activer la manducation."
Mansuétude,"Et dans une incommensurable mansuétude, l'auteur de l'énoncé précisait qu'il fallait réutiliser la fonction g !"
Mansuétude,"Je compte sur votre extrême mansuétude pour me pardonner ce léger instant de cacographie passagère…"
Marivauder,"Ca y est ? On a fini de marivauder ? On peut y aller ?"
Marivauder,"Petite pause marivaudage…"
Marshmallow,"Toto échange 13 billes contre 72 marshmallows…"
Mercuriale,"M Poulain, une petite mercuriale intempestive?"
Mirabile Dictu,"Just say it ! (mirabile dictu)"
Mirabile Visu,"Just look it ! (mirabile visu) [Devant une épicycloïde, cf. oreilles de Mickey]"
Misonéiste,"Vous savez bien qu'il y a des misonéistes de partout…"
Modus Operandi,"Pour le cas général, il faudra peut-être procéder ad augusta per angusta et adopter un modus operandi suivant un vent catabatique…"
Motu Proprio,"J'aurais pas trouvé comme ça, ex abrupto, motu proprio."
Moult,"Après moult tribulations méphistophéliques, nous arrivons au résultat annoncé. (équivalent à &quot;Après moult circonlocutions et procrastinations, atteindrons-nous l'apocatastase ?&quot;)"
Munificence,"Ne me remerciez pas de vous donner, dans un élan de munificence paroxystique, une indication (ténue de surcroît) pour résoudre le problème…"
Munificence,"Non dit par le prof, mais ajouté pour comprendre : Grand maman, je fais ici appel à ta munificence ? Traduction : t'as pas 100 balles ?"
Musagète,"Votre pédotribe musagète (cf. Correspondance)"
Mutatis Mutandis,"On rapproche ces deux expressions mutatis mutandis, de façon triviale et bestiale."
Mystagogie|Mystagogue,"M Tschirhard, vous êtes un bon thaumaturge, mais vous êtes vraiment meilleur en mystagogie qu'en maths…"
Mystagogie|Mystagogue,"Notre mystagogue œcuménique ! [qui se livre à quelque magie vaudoue ]"
Méga  ,"C'est une méga  union, Cette méga  somme n'est pas très maniable…"
Méga  ,"Je pense que cette remarque interlope avait effectivement échappé de ma bouche devant une assistance en liesse, toujours en proie à quelque boutade amphibologique. Mais, ce n'est pas à vous que je vais l'apprendre, ""verba volant scripta manent""… Étant donné le contexte socio-politique de cette méga-pantalonnade, il me semble fort raisonnable de s'en tenir aux écrits actuels…"
Méga X,"Mais non pas grand X ! Il y en a déjà un ! mettez un méga X !"
Mégalomanie,"<strong>Elève :</strong> Moi j'ai compris, mais les autres…<br /> <strong>Prof :</strong> Mais quelle mégalomanie exacerbée !"
Mélophage,"Mais il y avait un piège : le champ était bourré de stomoxes et de mélophages. (Cf. Histoires)"
Méphitique,"(à une personne prise d'une crise de hoquet) : Vous éructez des borborygmes méphitiques…"
Méphitique,"Maintenant que nous avons évacué nos relents méphitiques et empyreumatiques, …"
Métromane|Littérateur|Matamore|Dithyrambique|Histrion,"Notre littérateur dithyrambique, métromane, matamore, histrion !"
Nonobstant,"Moralité : l'intégrande est certes infinie en 0, nonobstant sa primitive est finie en 0."
Nonobstant,"Nonobstant toute réflexion superfétatoire…"
Numismatique|Plénipotentiaire|Fiduciaire,"Rappelons que Picsou est l'illustre ploutocrate plénipotentiaire de la mégalopole Picsouville, expert en numismatique, orfèvre des valeurs fiduciaires. (cf. Histoires)"
Nutritif,"Allez un petit exemple.. Enfin quelque chose de nutritif"
Nycthémère,"Je te garantis que personne ne touchera ta voiture et peux t'assurer qu'elle passera au moins un nycthémère chez nous ! (cf. Histoires)"
O tempora o mores,"Il s'agit du matériel de l'INSA, est-il utile de le rappeler ? o tempora o mores !"
Oblativité|Obédience,"Je vois que vous œuvrez dur pour les mathématiques et vous remercie de votre totale obédience (et oblativité) pour la chose."
Obsolescence,"Toto sentant naître une pointe d'obsolescence insidieuse décide de prendre sa retraite. (cf. Histoires)"
Obsolète,"Cher affidé non obsolète (cf. Correspondance)"
Obsolète,"Votre ex-pédotribe obsolète (cf. Correspondance)"
Odalisque,"A la plage, des schtroumpfettes se schtroumpfent avec schtroumpferie (traduction de l'auteur : des odalisques se pavanent avec ostentation). (cf. Histoires)"
Oecuménique,"Mickey notre sigisbée patelin international voire oecuménique, ayant bien joué avec les stomoxes, mélophages et autres hippobosques, considère qu'après une telle gloire il préfère se retirer sous les vivats et satisfecits d'une foule en liesse. (cf. Histoires)"
Oecuménique,"Notre mystagogue oecuménique ! [qui se livre à quelque magie vaudoue ]"
Onirique,"Notre apprenti godelureau, dans son délire onirique, prend idée de jouer… (cf. Histoires)"
Ordre Lexicographique,"On va mettre un peu d'ordre lexicographique dans ces réponses."
Ossianique,"Titeuf qui n'a pas la plume particulièrement littéraire, et donc peu enclin à rédiger des épigrammes élégiaques ou anacréontiques, voire ossianiques…(cf. Histoires)"
Ostentatoire,"En espérant vous avoir endigué les affres d'une géhenne apocalyptique… Vous pourrez vous pavaner avec la réponse en main auprès des schtroumpfettes avec ostentation, souvenez-vous-en…"
Outrecuidance,"Mr TSCHIRHARD, vous avez l'outrecuidance de m'imposer votre pantomime simiesque. Je n'eusse pas cru cela de vous, sur la vie de ma mère."
Outrecuidance,"Non dit par le prof, mais ajouté pour comprendre :<br /> ""Non mais genre, comme tu fais chier"" <strong>Traduction :</strong> ""Bigre, il a l'outrecuidance de venir m'embrener de fort méchante manière."""
Palinodique,"Mais en faisant ça, nous aboutirions à une palinodie !"
Palinodique|Protéiforme,"Attention : flèche capricante, claudicante, palinodique, protéiforme [interrupteur ON/OFF simulant le goître du prof. en cas de débordement dans l'assistance]"
Pamphlétaire|Attentatoire,"Quelle expression pamphlétaire et attentatoire !"
Pamphlétaire|Diatribe,"C'est une diatribe pamphlétaire indigne de vous…"
Pandémonium,"Le samedi soir, au lieu d'aller dans les pandémoniums de ploutocrates concupiscents, vous feriez mieux de réviser vos maths…"
Pantalonnade,"On est vraiment limite pantalonnade, là…"
Pantomime,"Quelle pantomime simiesque.."
Pantomime|Semnopithèque,"Quelle pantomime de semnopithèques !"
Panégyriste,"Mr. TSCHIRHARD, notre panégyriste national !"
Papelard|Patelin,"Mickey, notre sigisbée patelin, papelard, voire cauteleux, donc, invite une copine à la campagne. Cette copine, c'est… Clarabelle, le bovidé mafflu ! (cf. Histoires)"
Paradigmatique,"Alors évidemment, ce sont des exemples paradigmatiques pour le chapitre…"
Paradigmatique,"Les fonctions paradigmatiques de la théorie…"
Paralogisme,"Bien que ce ne soit qu'un paralogisme assertorique à tendance captieuse."
Paralogisme,"C'est un paralogisme assertorique à vocation captieuse"
Parangon,"Cher parangon ostentatoire (cf. Correspondance)"
Paraphrénie,"Diantre, seriez-vous paraphréniques ?"
Paronomase,"On assemble ce qui se ressemble (ça, c'est une paronomase)…"
Paroxystique,"Quelle conviction paroxystique…"
Paroxystique|Déréliction|Endémique,"Vous avez atteint un stade de déréliction endémique et paroxystique…"
Parèdre,"Toto sentant naître une pointe d'obsolescence insidieuse décide de prendre sa retraite. Il choisit donc comme parèdre… Mickey. (cf. Histoires)"
Pasquinade,"M. Poulain, une petite pasquinade là?"
Pathos,"C'est un pathos fuligineux !"
Pensum,"Toujours avec mon allégeance pour ce long pensum !(cf. Correspondance)"
Persifleur,"M Tschirhard, notre persifleur national, toujours en proie à une verve désopilante."
Philippique,"Mr X, encore une phillipique sardonique?"
Philistin,"Oui, tapez donc ce calcul sur votre machine de philistins…(comprendre : calculatrice)"
Philistin|Béotien,"Vous êtes un misonéiste, un béotien, un philistin iconoclaste. [À quelqu'un qui ne veut pas retenir une méthode pratique du prof.]"
Pie grièche,"A ces mots, Mickey prit un ton comminatoire et lui adresse quelques privautés : il la traite &quot;espèce de&quot;<br /> <br /> réponse a : péronnelle !<br /> réponse b : pie grièche !<br /> réponse c : poissarde !<br /> réponse d : pôv' cloche !<br />  (cf. Histoires)"
Ploutocrate,"Le samedi soir, au lieu d'aller dans les Pandémoniums de ploutocrates concupiscents, faites donc cette démonstration…"
Pléonasme,"Après tout, une trivialité apodictique n'est qu'un pléonasme vicieux, je vous l'accorde !"
Pléonasme,"Je monte la droite à la verticale, bien que ce soit un pléonasme…"
Pléthore,"Je vois que votre imagination est débordante, pléthorique, paroxystique, etc. et non moins inventive !"
Pléthore,"On pourrait définir toute une pléthore de fonctions arcsin."
Poissarde|Péronnelle,"A ces mots, Mickey prit un ton comminatoire et lui adresse quelques privautés : il la traite &quot;espèce de&quot;<br /> <br /> réponse a : péronnelle !<br /> réponse b : pie grièche !<br /> réponse c : poissarde !<br /> réponse d : pôv' cloche !<br />"
Polydipsie|Prophylaxique,"Un petit exo prophylaxique après une crise de polydipsie…"
Polymathique,"Polytechnique, voilà une école polymathique !"
Polymorphe,"""Machin"" est polymorphe : ici c'est (x-1) et là c'est (1-x²)^(1/2)"
Pouacre,"Un petit exo pour samedi soir au lieu de fréquenter :<br /> <br /> -réponse a : des pandémoniums de sybarites concupiscents ;<br /> -réponse b : des bouges de dipsomanes impénitents ;<br /> -réponse c : des pétaudiaires de satrapes extravertis ;<br /> -réponse d : des cloaques de pouacres."
Primesautier,"Déjà un élan de coprolalie primesautier?"
Privauté,"A ces mots, Mickey prit un ton comminatoire et lui adresse quelques privautés : il la traite &quot;espèce de&quot;<br /> <br /> réponse a : péronnelle !<br /> réponse b : pie grièche !<br /> réponse c : poissarde !<br /> réponse d : pôv' cloche !<br /> (cf. Histoires)"
Procrastination,"Vous, vous êtes enclin à la procrastination?"
Prodromique,"Ici, on ne fait pas de mathématiques prodromiques."
Prodromique,"Quand à celui qui nous quitte, ses résultats du premier semestre semblaient prodromiques et je vois qu'ils ne sont malheureusement pas remontés au deuxième semestre…"
Prolixité,"Mr Duret, vous qui semblez enclin à une prolixité inextinguible."
Prolixité|Bavasser,"Vous bavassez tellement, bref vous êtes d'une telle prolixité inextinguible que je me vois forcé d'avancer dans le programme."
Prévarication,"Picsou accepte très (trop ?) volontiers de faire crédit, mais ayant toujours cette propension compulsive et incoercible à quelque malversation, prévarication et autre concussion, la prudence est de mise. (cf. Histoires)"
Psittacisme,"C'est une forme de psittacisme gestuel…"
Psittacisme,"Seriez-vous atteint de psittacisme aigüe ?"
Psychopompe,"Que dit le psychopompe ?"
Psychotrope,"Si je prends un exemple corroboratif et psychotrope…"
Putatif,"Toto se découvre tout d'un coup un autre héritier (putatif ?) totalement méconnu qui vient réclamer sa part. (cf. Histoires)"
Pâmoison|Callipyge,"Maintenant il veut frimer avec sa décapotable rouge devant les midinettes callipyges en pâmoison extatique. (cf. Histoires)"
Pédotribe,"Votre pédotribe musagète…(cf. Correspondance)"
Périssodactyle,"Non dit par le prof, mais ajouté pour comprendre : le cheval est sans doute le périssodactyle le plus connu sur terre!"
Périssodactyle,"On ne va pas le faire comme un périssodactyle !"
Périssologie,"Epsilon, c'est une périssologie?"
Péroraison|Moult,"Après moult péroraisons, fadaises, billevesées, rodomontades et autres coquecigrues, nous pouvons reprendre le cours de la vie normale…"
Pétaudière,"Je ne reste pas à Lyon, ce qui m'évite de fréquenter une pétaudière de sybarites dévoyés… Bonnes libations bachiques ! Evitez nonobstant les échansons égrillards…"
Pétulance,"Vous êtes d'une pétulance exacerbée."
Q.E.D.,"Donc ch(x) &gt;= 1 sur l'intervalle demandé. Q.E.D."
Que nenni,"Vous pensez faire sortir M. Millon de son ataraxie ? Que nenni, M. Millon dans un état d'alacrité serait une contre-tautologie !"
Que nenni|Relou,"Que nenni, c'est relou et rimbou !"
Qui scribit bis legit,"On va tout de même l'écrire, car qui scribit bis legit"
Qui tacet consentire videtur,"Face à ce silence cataphatique, j'en conclus que ""qui tacet consentire videtur""…"
Quid novi,"Quid novi ?"
Quid,"Mais alors, quid de l'infimum ?"
Quid,"Quid ?"
Ratiocination|Ampoulé,"M Millon, ne nous servez pas vos ratiocinations ampoulées et alambiquées!"
Redondant,"Votre raisonnement est d'une redondance fuligineuse…"
Relou,"Non dit par le prof, mais ajouté pour comprendre : &quot;Tin relou le contrôle d'OMSI, j'ai tout foiré.&quot;"
Rhétorique,"Mr Tschirardt, notre chantre apologique toujours enclin à la capucinade rhétorique !"
Rhétorique|Idiolecte|Coprolalie,"Vous avez une rhétorique idiolecte coprolalique !"
Rimbou,"que nenni, c'est relou et rimbou !"
Rodomontade,"On a pris du retard, à force de déblatérer toutes formes de rodomontades…"
Récapépèter,"Donc on récapépète!"
Résipiscence,"A ces mots, la plume de Titeuf commence à chavirer, Nadia entre dans une pâmoison absolument transcendantale, et Vomito, face à cette réaction, se dit : ""Bon, il faut que je vienne à résipiscence en proposant une autre solution"". (cf. Histoires)"
Sagouin,"Si ça ne vous dérange pas, maintenant je fais le sagouin et je prend le même f."
Sapajou,"Je fais ça comme un sapajou !"
Sarcasme,"M Millon, je sens une pointe de sarcasme sardonique dans votre propos!"
Sarcasme|Méphistophélique,"Quel sarcasme méphistophélique !"
Sardonique,"""Je sens que vous êtes ironique…"" ""Non, sardonique."""
Sardonique,"Non, c'était une réflexion sardonique."
Satisfecit,"J'ai oublié de vous transmettre un satisfecit narcissique de la 52e promo."
Satrape|Pétaudière,"Un petit exercice pour le samedi soir, au lieu d’aller dans les pétaudières de satrapes extravertis."
Sibyllin,"Mystico-sibyllin, pas mythico-sibyllin ! Vous me décevez, greffier… :-)"
Sibyllin,"Ça peut peut-être vous sembler de la cabale mythico-sibylline…mais ce n'en est pas !"
Sigisbée,"Mickey, notre sigisbée patelin, papelard, voire cauteleux, donc, invite une copine à la campagne. (cf. Histoires)"
Sigisbée,"Toto, cancre occupant indéfectiblement le dernier rang de l'école communale, se prend aujourd'hui pour un sigisbée et se met en quête de taquiner une copine avoisinante : Titine… (cf. Histoires)"
Simiesque,"Quelle pantomime simiesque !"
Stentor,"M. Millon nous informe de sa belle voix de stentor qu'une erreur s'est insidieusement glissée dans cet énoncé…"
Sternutation,"Mlle Noel, une sternutation intempestive?"
Stipendié,"Signé : Votre affidé stipendié."
Stomoxe,"Mais il y avait un piège : le champ était bourré de stomoxes et de mélophages. (cf. histoires)"
Stomoxe,"Mickey notre sigisbée patelin international voire œcuménique, ayant bien joué avec les stomoxes, mélophages et autres hippobosques, considère qu'après une telle gloire il préfère se retirer sous les vivats et satisfecits d'une foule en liesse. (cf. histoires)"
Stricto Sensu,"Si on prenait la définition stricto sensu, on aurait bien ce que vous dites…Mais un peu de magie vaudoue n'a jamais fait de mal à personnne."
Subliminal,"Attention tout de même à ne pas oublier les termes subliminaux…"
Subliminal,"On ajoute des puissances subliminales sur ce polynôme…"
Subodorer,"Alors là, on peut subodorer rapidement une récurrence…"
Subodorer,"Il manque la fonction dans l'intégrale mais je subodore à vue de nez qu'il s'agit de l'intégrale de ln(x) autour de 0 qui vous plonge dans une indicible indécision…"
Subrepticement,"Permettez moi de me gausser subrepticement …"
Subrepticement,"Une petite gouaillerie s'est subrepticement immiscée dans le texte…"
Sui Generis,"Cette définition sui generis est importante."
Superfluité|Vacuité,"Iriez vous soupçonner la superfluité, voire même la vacuité de mon cours ?"
Superfétatoire,"Il n'est pas superfétatoire de démontrer ceci !"
Superfétatoire,"Ouarf, Ouarf, rigolez bien…mais l'interro ne sera pas superfétatoire."
Supplétif,"Ajout supplétif après la représentation : Titi ne pouvant plus assurer son autarcie a dû se dégoter un CDD dont les revenus mensuels lui permirent de rembourser son crédit… (cf. histoires)"
Supplétif,"Mr, Moulin, quelques gloses supplétives ?"
Surnuméraire,"Gardez cette exercice au chaud pour dimanche matin, après vos libations surnuméraires, vite un roboratif !"
Sustine et abstine,"Souffre et abstiens-toi !"
Sybarite,"Je ne reste pas à Lyon, ce qui m'évite de fréquenter une pétaudière de sybarites dévoyés… bonnes libations bachiques ! Évitez nonobstant les échansons égrillards…"
Sybarite,"Le samedi soir, au lieu d'aller dans les pandémoniums de ploutocrates concupiscents, où plutôt devrais je dire ces cloaques sybarites dyonisiaques, vous feriez mieux de redémontrer la formule d'interpolation de Lagrange, où les processus de Markov à temps continu et diffusions."
Sycophante,"Diantre, nous avons un sycophante dans la salle…"
Sycophante,"Vous n'êtes qu'un sycophante"
Taciturne,"M Souzy, vous êtes bien taciturne aujourd'hui !"
Taciturne,"Me revoici après une longue période taciturne."
Tartempion,"Dans ce cas là, c'est intégrale de 1 à 2 de f(x)dx mais c'aurait tout aussi bien pu être f(tartempion)d(tartempion) ! La variable est muette, en fait…"
Tautologie,"C'est une tautologie apodictique !"
Taxinomie,"Après, vous faites votre taxinomie de cas."
Thaumaturge,"Diantre, cessez vos vociférations vésaniques inextinguibles ? Vous aurez le temps d'exercer vos talents de thaumaturge plus tard!"
Thaumaturge,"M Tschirardt, vous êtes un bon thaumaturge, mais vous êtes vraiment meilleur en mystagogie qu'en maths…"
Thuriféraire,"Ne faites pas votre thuriféraire !"
Thuriféraire|Panégyriste|Aréopage,"Un grand merci à l'aréopage des thuriféraires associés et panégyristes associés !!!"
Toto,"0+i0 = la tête à Toto..avec une larme sur l'œil droit."
Toto,"Vous ai-je déjà parlé de Toto ?"
Translittération,"Tau s'écrit Tau et non To, c'est juste une translittération…"
Tribulations,"Après moult tribulations  méphistophéliques."
Triskaidékaphobe,"Tiens, il n'y a pas d'exo n°13 ! Cette fiche à due être réalisée par un triskaiddékaphobe…"
Trivialité,"Et ça, ce n'était pas une pure trivialité apodictique…"
Trivialité,"Et ça, permettez moi de vous dire que c'est la trivialité sur le gâteau !"
Turpitude,"M Millon, déjà en train de s'adonner à quelques turpitudes regrettables ?"
Ubuesque,"C'est tout simplement ubuesque…"
Vade mecum,"Tâchez de ranger ces formules dans un coins de votre vade mecum"
Vade mecum,"Vade mecum du Bizuth insalien (à l'attention de la 51ème promo… et des suivantes)"
Vae victis,"Le cours est terminé, vae victis."
Vae victis,"Vae victis ! [À la fin de l'interro…]"
Vaudou,"Là on fait un peu de magie vaudoue..on inverse, on fait une symétrie de la matrice par la diagonale, et on multiplie tout par pi…et voilà !"
Vaudou,"Un petit peu de magie vaudou?"
Verba volant scripta manent,"Il faudrait peut être l'écrire, comme &quot;Verba volant scripta manent&quot;"
Vermiculure,"Pas de fameuses vermiculures empruntées à l'art baroque…Je ne suis pas sûr que tout le monde soit sensible à cet art prodromique !"
Versatile,"Toto est un peu versatile, et dans un élan bestialement compulsif, il simplifie ce méga-polynôme comme ça, pfuitt !"
Versatile,"Votre opinion me semble bien versatile…"
Verve,"M. Tschirhard, notre persifleur national, toujours en proie à une verve désopilante."
Viatique|Oblatif,"Je compte sur votre viatique oblatif… Avec mes remerciements anticipés, (cf. Correspondance)"
Viatique|Satisfecit,"Je compte donc sur votre satisfecit puis sur votre viatique pour éviter toute imprécation inique ! (cf. Correspondance)"
Vilipender,"Vous allez me vilipender vertement, mais nous allons tout de même faire l'exercice 6."
Vitupérer,"Cessez de vitupérer !"
Vitupérer,"Vos vitupérations me laissent de marbre."
Vocifération,"Diantre, cessez vos vociférations vésaniques inextinguibles ! Vous aurez le temps d'exercer vos talents de thaumaturge plus tard."
Volapuk,"Ouaouh ! Ça, ce n'est pas du volapuk!!"
Vésanie,"Un instant de vésanie…"
Zoïle,"Pour les détracteurs et autres zoïles de mauvaise foi… (cf. histoires)"
Zut,"Votre Exemple ?"
Zut|Tehon,"Zut crotte flute, c'est vraiment la méga-foire ! C'est la tehon !"
Zélateur,"Très chers zélateurs stipendiés, je vous souhaite le bonjour !"
Zélateur,"Z'êtes un véritable zélateur."
i.e.,"Allez, petite anamnèse collective : 275 divisé par 13, il y va deux fois, deux fois 13 égalent 26, ôtés de 27 égalent 1, etc., bref, on arrive, sous forme linéaire, à $275^= 13 \times 21 + 2$. Mais 275 c'est quoi ? 5, c'est le chiffre des unités, 7, celui des dizaines, 2, celui des centaines, i.e. $275=2 \times 100 + 7 \times 10 + 5$ (cf. histoires)."
Échanson,"Notre échanson égrillard, M Tschirhard !"
Échanson|Égrillard|Baloche|Bucolique,"Le samedi soir, au lieu d'aller dans des baloches bucoliques à la rencontre d'échansons égrillards."
Égrillard,"Evitez nonobstant les échansons égrillards…"
Élucubration,"je dois avouer que nos communes élucubrations demandent un tout autre travail concomitant qu'il n'est pas toujours facile de maintenir (d'où l'intérêt de notre collaboration !)."
Élégie,"Votre démonstration élégiaque est fuligineuse, vous savez ?"
Épigramme,"Titeuf qui n'a pas la plume particulièrement littéraire, et donc peu enclin à rédiger des épigrammes élégiaques ou anacréontiques, voire ossianiques, lui propose plutôt, rimbou et avec un ton relou : ""Eh Nadia, tu viens faire un tour dans ma décapotable rouge… couleur Ferrari ?!""  (cf. Histoires)"
Éponyme,"Seriez-vous un Schtroumpf éponyme ?"
Éructer,"Mr Millon, vous avez éructé quelque chose ?"
Éructer|Néphrétique,"Vous éructez des borborygmes néphrétiques."
Étiologie,"Un petit exemple étiologique ?"
Étrusque,"Je parle l'Étrusque ancien, M. Bacconnier ?"
